payment_id,payment_date,Unit_Price,payment_amount
201,05/05/2023,1.99,10000
202,06/05/2023,2.03,10500
203,07/05/2023,2.06,11000
204,08/05/2023,2.09,11500
205,09/05/2023,2.12,12000
206,10/05/2023,2.15,12500
207,05/05/2023,2.18,13000
208,06/05/2023,2.21,13500
209,07/05/2023,2.23,14000
210,08/05/2023,2.26,14500
211,05/05/2023,2.28,15000
212,06/05/2023,2.3,15500
213,07/05/2023,2.32,16000
214,05/05/2023,2.34,16500
215,06/05/2023,2.36,17000
216,07/05/2023,2.38,17500
217,08/05/2023,2.39,18000
218,05/05/2023,2.41,18500
219,06/05/2023,2.43,19000
220,05/05/2023,2.44,19500
221,06/05/2023,2.46,20000
222,07/05/2023,2.47,20500
223,08/05/2023,2.48,21000
224,05/05/2023,2.5,21500
225,06/05/2023,2.51,22000
226,07/05/2023,2.52,22500
227,05/05/2023,2.53,23000
228,06/05/2023,2.54,23500
229,07/05/2023,2.56,24000
230,05/05/2023,2.57,24500
231,06/05/2023,2.58,25000
232,07/05/2023,2.59,25500
233,05/05/2023,2.6,26000
234,06/05/2023,2.61,26500
235,05/05/2023,2.61,27000
236,06/05/2023,2.62,27500
237,07/05/2023,2.63,28000
238,08/05/2023,2.64,28500
239,05/05/2023,2.65,29000
